last update 2025-12-02,,,,,,,,,
,,,,,,,,,
매체ID,매체이름,매체URL,네이버,파트너,검색포탈,검색영역포함,콘텐츠영역포함,PC영역포함,모바일영역포함
27758,네이버 통합검색 - PC,http://search.naver.com/search.naver,O,,O,O,,O,
8753,네이버 통합검색 - 모바일,http://m.search.naver.com/search.naver,O,,O,O,,,O
122876,네이버 검색탭,http://search.naver.com/search.naver?where=site,O,,O,O,,O,
122875,네이버 통합검색 광고더보기,http://ad.search.naver.com/search.naver,O,,O,O,,O,
11068,네이버 쇼핑 - PC,http://shopping.naver.com,O,,,O,,O,
33421,네이버 쇼핑 - 모바일,http://m.shopping.naver.com,O,,,O,,,O
1525,네이버 지식iN - PC,http://kin.naver.com,O,,,,O,O,
36010,네이버 지식iN - 모바일,http://m.kin.naver.com,O,,,,O,,O
96499,네이버 카페 - PC,http://cafe.naver.com,O,,,,O,O,
96500,네이버 카페 - 모바일,http://m.cafe.naver.com,O,,,,O,,O
118495,ZUM - PC,http://zum.com,,O,O,O,O,O,
118496,ZUM - 모바일,http://m.zum.com,,O,O,O,O,,O
700903,네이버 통합검색 추천형 피드지면 - 모바일,https://m.search.naver.com/search.naver#searchfeed,O,,O,,O,,O
103848,밴드(BAND) - 모바일,http://band.us/,O,,,,O,,O
38367,11번가 - PC,http://www.11st.co.kr,,O,,O,O,O,
38630,11번가 - 모바일,http://m.11st.co.kr,,O,,O,O,,O
37853,2CPU,http://www.2cpu.co.kr,,O,,,O,O,
23650,82cook,http://www.82cook.com,,O,,O,O,O,
335739,Bing-Mobile,https://m.bing.com,,O,O,O,,,O
335738,Bing-PC,https://www.bing.com,,O,O,O,,O,
769945,DVD프라임-모바일,https://dvdprime.com/,,O,,,O,,O
245885,MLB파크-PC,http://mlbpark.donga.com,,O,,O,O,O,
245891,MLB파크-모바일,http://mlbpark.donga.com/,,O,,O,O,,O
419964,OK캐쉬백-모바일,m.okcashbag.com,,O,,O,O,,O
593822,SLR클럽,http://www.slrclub.com,,O,,O,O,O,
593823,SLR클럽-모바일,http://m.slrclub.com,,O,,O,O,,O
66998,YTN,http://www.ytn.co.kr,,O,,,O,O,
67582,YTN - 모바일,http://m.ytn.co.kr,,O,,,O,,O
81750,가생이닷컴,http://www.gasengi.com/,,O,,,O,O,
15121,간호잡,http://www.ganhojob.com,,O,,O,,O,
718848,개드립넷-PC,https://www.dogdrip.net/,,O,,O,O,O,
718849,개드립넷-모바일,https://dogdrip.net/,,O,,O,O,,O
58824,건설워커 - PC,http://www.worker.co.kr,,O,,O,O,O,
74321,건설워커 - 모바일,http://m.worker.co.kr,,O,,O,,,O
49749,교차로 - 모바일,http://kcrapp.icross.co.kr,,O,,O,O,,O
502366,궁금하넷-모바일,https://ggha.net/,,O,,O,O,,O
128029,꼬망세,http://www.edupre.co.kr,,O,,O,O,O,
190272,나무위키-PC,https://namu.wiki/,,O,,,O,O,
190273,나무위키-모바일,https://namu.wiki/w/,,O,,,O,,O
731553,네이트-PC,https://www.nate.com/,,O,,,O,O,
731554,네이트-모바일,https://m.nate.com/,,O,,,O,,O
609156,노써치-모바일,https://nosearch.com/,,O,,O,O,,O
774514,뉴닉-PC,https://newneek.co/,,O,,,O,O,O
655425,뉴덕-PC,https://newduck.net/,,O,,,O,O,
429046,뉴스펍-모바일,http://www.newspub.kr/,,O,,,O,,O
298463,뉴스픽-모바일,http://www.newspic.kr,,O,,,O,,O
23123,다나와 - PC,http://www.danawa.com,,O,,O,O,O,
87620,다나와 - 모바일,http://m.danawa.com,,O,,O,O,,O
612593,다음-PC,https://www.daum.net/,,O,O,O,,O,
612594,다음-모바일,https://m.daum.net/,,O,O,O,,,O
742014,다음카페-PC,https://top.cafe.daum.net/,,O,,,O,O,
742015,다음카페-모바일,https://m.cafe.daum.net/,,O,,,O,,O
168665,다이닝코드 - PC,https://www.diningcode.com/index.php,,O,,,O,O,
168666,다이닝코드 - 모바일,https://m.diningcode.com/,,O,,O,O,,O
769266,닥터나우-모바일,https://company.doctornow.co.kr/company,,O,,,O,,O
593821,더팀스-모바일,https://www.theteams.kr/,,O,,O,O,,O
605402,디미토리-PC,https://www.dmitory.com/,,O,,,O,O,
605403,디미토리-모바일,https://m.dmitory.com/,,O,,,O,,O
718850,디시이슈-모바일,https://issuefeed.dcinside.com/,,O,,,O,,O
139215,디시인사이드 - PC,http://www.dcinside.com,,O,,O,O,O,
131019,디시인사이드 - 모바일,http://m.dcinside.com,,O,,O,O,,O
707083,디시트렌드-모바일,www.dctrend.ai,,O,,,O,,O
67000,디자이너잡,http://www.designerjob.co.kr,,O,,O,O,O,
788865,라이너-PC,https://liner.com/ko,,O,,O,,O,
141121,레포트샵,http://www.reportshop.co.kr/,,O,,O,O,O,
41352,레포트월드,http://www.reportworld.co.kr,,O,,O,O,O,
643228,로톡-모바일,https://www.lawtalk.co.kr/,,O,,O,O,,O
151173,루리웹 - PC,http://www.ruliweb.com,,O,,O,O,O,
151174,루리웹 - 모바일,http://m.ruliweb.com,,O,,O,O,,O
51655,마이민트,http://www.mimint.co.kr,,O,,O,O,O,
137282,마이민트 - 모바일,http://m.mimint.co.kr,,O,,O,O,,O
35324,마이클럽,http://micon.miclub.com/,,O,,,O,O,
26506,맘스다이어리,http://www.momsdiary.co.kr,,O,,O,O,O,
707082,매니아-모바일,https://mania.kr/,,O,,,O,,O
58827,메디업 - PC,http://www.mediup.co.kr,,O,,O,O,O,
62767,메디업 - 모바일,http://mediup.co.kr/m/,,O,,O,O,,O
37126,메디잡 - PC,http://www.medijob.cc,,O,,O,O,O,
74320,메디잡 - 모바일,http://m.medijob.cc,,O,,O,,,O
58825,메디컬잡,http://www.medicaljob.co.kr,,O,,O,O,O,
56345,미디어잡,http://www.mediajob.co.kr,,O,,O,O,O,
98128,번개장터 - 모바일,http://www.bunjang.co.kr,,O,,O,O,,O
248824,번개장터-PC,https://m.bunjang.co.kr/,,O,,O,O,O,
15124,벼룩시장 - PC,http://www.findall.co.kr,,O,,O,O,O,
54186,벼룩시장 - 모바일,http://m.findall.co.kr,,O,,O,,,O
282742,보배드림-모바일,https://m.bobaedream.co.kr,,O,,,O,,O
16334,부동산써브,http://www.serve.co.kr,,O,,,O,O,
84644,비즈폼,http://www.bizforms.co.kr,,O,,O,O,O,
27567,뽐뿌 - PC,http://www.ppomppu.co.kr,,O,,O,O,O,
49745,뽐뿌 - 모바일,http://m.ppomppu.co.kr,,O,,O,O,,O
69559,사람인 - 모바일,http://m.saramin.co.kr,,O,,O,O,,O
185344,사람인-PC,http://www.saramin.co.kr,,O,,O,O,O,
69555,샵마넷 - PC,http://www.shopma.net,,O,,O,O,O,
69561,샵마넷 - 모바일,http://m.shopma.net,,O,,O,,,O
69557,샵오픈,http://www.shopopen.co.kr,,O,,O,O,O,
779437,세리에매니아-모바일,https://serieamania.com/,,O,,,O,,O
156872,셀잇 - PC,https://www.withsellit.com,,O,,O,,O,
156873,셀잇 - 모바일,https://www.withsellit.com,,O,,O,,,O
242241,속닥-모바일,http://www.socdoc.co.kr,,O,,O,O,,O
141763,쇼킹딜 - 모바일,http://deal.11st.co.kr/html/nc/deal/main.html,,O,,O,,,O
62766,수다닷컴,http://www.sudadot.com,,O,,,O,O,
386648,순위닷-모바일,http://www.soonwidot.co.kr,,O,,O,O,,O
417067,시럽월렛-모바일,m.syrup.co.kr,,O,,O,O,,O
151175,씽크존 - PC,http://www.thinkzon.com,,O,,O,O,O,
20545,아이베이비 - PC,http://www.i-baby.co.kr,,O,,O,O,O,
398851,안랩V3-PC,www.ahnlab.com,,O,,,O,O,
24087,알바몬,http://www.albamon.com,,O,,O,,O,
238734,알바몬-모바일,http://m.albamon.com,,O,,O,O,,O
15119,알바천국 - PC,http://www.alba.co.kr,,O,,O,,O,
49746,알바천국 - 모바일,http://m.alba.co.kr,,O,,O,,,O
791889,에누리-PC,https://www.enuri.com,,O,,O,O,O,
791888,에누리-모바일,https://m.enuri.com,,O,,O,O,,O
479286,에브리타임-모바일,https://everytime.kr/,,O,,O,O,,O
137280,에펨코리아,http://www.fmkorea.com/,,O,,O,O,O,
137281,에펨코리아 - 모바일,http://m.fmkorea.com/,,O,,O,O,,O
79387,여행오키,http://touroki.co.kr/,,O,,O,O,O,
502365,열달후에-모바일,www.after10m.com,,O,,,O,,O
38193,예스폼,http://www.yesform.com,,O,,O,O,O,
70389,오늘의유머,http://www.todayhumor.co.kr,,O,,O,,O,
443152,오락-모바일,https://www.skplanet.com/business/marketing?tab03,,O,,O,O,,O
1526,옥션,http://www.auction.co.kr,,O,,O,,O,
131018,옥션 - 모바일,http://m.auction.co.kr,,O,,O,,,O
131268,옥션중고장터 - 모바일,http://used.mobile.auction.co.kr,,O,,O,,,O
162341,와글바글,www.waglebagle.net,,O,,O,O,O,
689351,웃긴대학-PC,https://web.humoruniv.com,,O,,,O,O,
49363,웃긴대학-모바일,http://m.humoruniv.com,,O,,O,O,,O
58826,이엔지잡,http://www.engjob.co.kr,,O,,O,O,O,
37131,이지데이 - PC,http://www.ezday.co.kr,,O,,,O,O,
49747,이지데이 - 모바일,http://m.ezday.co.kr,,O,,,O,,O
417064,이토랜드-PC,http://www.etoland.co.kr,,O,,O,O,O,
417065,이토랜드-모바일,http://www.etoland.co.kr/plugin/mobile,,O,,O,O,,O
484086,인스티즈-모바일,http://www.instiz.net,,O,,O,O,,O
38197,인크루트 - PC,http://www.incruit.com,,O,,O,O,O,
56346,인크루트 - 모바일,http://m.incruit.com,,O,,O,O,,O
16333,인터넷교차로,http://www.icross.co.kr,,O,,O,O,O,
38628,일간스포츠,http://isplus.joins.com,,O,,,O,O,
28552,잡코리아 - PC,http://www.jobkorea.co.kr,,O,,O,O,O,
51271,잡코리아 - 모바일,http://m.jobkorea.co.kr,,O,,O,,,O
291244,중고나라-모바일,https://web.joongna.com/,,O,,O,O,,O
15604,지식로그,http://www.jisiklog.com,,O,,O,O,O,
291245,최저가마켓-모바일,http://cjgmarket.co.kr/shop,,O,,O,O,,O
645386,침하하-모바일,https://chimhaha.net/,,O,,,O,,O
666914,캐시닥-모바일,https://cashdoc.me/,,O,,,O,,O
756085,캐시슬라이드-모바일,https://site.cashslide.co.kr/,,O,,,O,,O
727930,캐시워크-모바일,https://cashwalk1.com/,,O,,O,O,,O
655426,캐시워크뉴스-모바일,https://cashwalk.com/,,O,,,O,,O
282741,캐시피드-모바일,https://www.cashfeed.co.k,,O,,,O,,O
762004,케어파트너-모바일,https://www.carepartner.kr/,,O,,,O,,O
400341,코리아닷컴-PC,https://www.korea.com,,O,,O,,O,
598347,콴다-모바일,https://tutor.qanda.ai/,,O,,,O,,O
20546,쿠차,http://www.coocha.co.kr,,O,,O,,O,
172112,쿠차 - 모바일,http://m.coocha.co.kr/main.do,,O,,O,,,O
39237,쿠폰모아,http://www.couponmoa.com,,O,,O,,O,
190274,쿠폰모아-모바일,http://m.couponmoa.com,,O,,O,,,O
19369,클리앙,http://www.clien.net,,O,,O,O,O,
137283,클리앙 - 모바일,http://m.clien.net/cs3/,,O,,O,O,,O
15122,키드키즈,http://www.kidkids.net,,O,,O,O,O,
785950,키즈노트-모바일,https://www.kidsnote.com/,,O,,,O,,O
242240,키즈맘-PC,https://kizmom.hankyung.com,,O,,O,O,O,
242239,텐아시아-PC ,http://tenasia.hankyung.com,,O,,O,O,O,
484085,티맵-모바일,http://www.tmap.co.kr/,,O,,O,,,O
735234,티스토리-PC,www.tistory.com,,O,,,O,O,
735235,티스토리-모바일,m.tistory.com,,O,,,O,,O
69558,패션워크,http://www.fashionwork.co.kr,,O,,O,O,O,
429047,풀빵닷컴-모바일,http://www.pullbbang.com/,,O,,,O,,O
762003,플래텀-PC,https://platum.kr/,,O,,,O,,O
484542,한겨레신문-모바일,https://m.hani.co.kr/,,O,,O,,,O
20049,한경닷컴 - PC,http://www.hankyung.com/,,O,,,O,O,
51591,한경닷컴 - 모바일,http://m.hankyung.com,,O,,,O,,O
106391,해피캠퍼스 - PC,http://www.happycampus.com/,,O,,O,O,O,
106392,해피캠퍼스 - 모바일,http://m.happycampus.com,,O,,O,O,,O
156874,해피학술 - PC,http://www.happyhaksul.com,,O,,O,O,O,
417070,행복쇼핑-PC,http://www.pping.kr,,O,,O,O,O,
417071,행복쇼핑-모바일,https://m.pping.kr/,,O,,O,O,,O
498105,헬로마켓-모바일,m.hellomarket.com,,O,,,O,,O
49362,호텔모아,http://www.hotelmoa.com,,O,,O,O,O,
